32932692421, 229853337, //ae01.alicdn.com/kf/HTB1aOV2bfjsK1Rjy1Xaq6zispXa7.jpg_350x350.jpg, //www.aliexpress.com/item/50-pcs-Mixed-Cartoon-Toy-Stickers-for-Car-Styling-Bike-Motorcycle-Phone-Laptop-Travel-Luggage-Cool/32932692421.html?gps-id=5547572&scm=1007.19201.111800.0&scm_id=1007.19201.111800.0&scm-url=1007.19201.111800.0&pvid=380090d9-ed55-482c-b34d-69eccb11f8c2, 50 pcs Mixed Cartoon Toy Stickers for Car Styling Bike Motorcycle Phone Laptop Travel Luggage Cool Funny Sticker Bomb JDM Decals, US $1.75, US $1.75, US $2.36, US $2.36, 26, 322329025, 1551168000, 1551340799, 1600, 215, false, 385, Ganganadi Accessories Store, //www.aliexpress.com/store/2785055?t_activity=1&t_cache=1&gps-id=5547572&scm=1007.19201.111800.0&scm_id=1007.19201.111800.0&scm-url=1007.19201.111800.0&pvid=380090d9-ed55-482c-b34d-69eccb11f8c2
32709211892, 223206750, //ae01.alicdn.com/kf/HTB1hVHAbjDuK1RjSszdq6xGLpXa9.jpg_350x350.jpg, //www.aliexpress.com/item/European-Style-natural-pearl-necklace-for-women-AAAA-high-quality-pearl-jewelry-New-Blue-accessaries-with/32709211892.html?gps-id=5547572&scm=1007.19201.111800.0&scm_id=1007.19201.111800.0&scm-url=1007.19201.111800.0&pvid=380090d9-ed55-482c-b34d-69eccb11f8c2, European Style natural pearl necklace for women AAAA high quality pearl jewelry New Blue accessaries with 45cm silver chain, US $9.09, US $9.09, US $129.90, US $129.90, 93, 322329025, 1551168000, 1551340799, 1800, 64, false, 736, lindo Official Store, //www.aliexpress.com/store/1729088?t_activity=1&t_cache=1&gps-id=5547572&scm=1007.19201.111800.0&scm_id=1007.19201.111800.0&scm-url=1007.19201.111800.0&pvid=380090d9-ed55-482c-b34d-69eccb11f8c2
32959786607, 230239819, //ae01.alicdn.com/kf/HTB1WML8boLrK1Rjy1zbq6AenFXa3.jpg_350x350.jpg, //www.aliexpress.com/item/CASEIER-12-5W-2-in-1-QI-Wireless-Charger-For-iPhone-X-XS-Max-XR-8/32959786607.html?gps-id=5547572&scm=1007.19201.111800.0&scm_id=1007.19201.111800.0&scm-url=1007.19201.111800.0&pvid=380090d9-ed55-482c-b34d-69eccb11f8c2, CASEIER 12.5W 2 in 1 QI Wireless Charger For iPhone X XS Max XR 8 Fast Charger For Apple Watch 4 3 2 Dual Cargador inalambrico  , US $22.19, US $22.19, US $29.99, US $29.99, 26, 322329025, 1551168000, 1551340799, 1186, 36, false, 150, CASEIER Official Store, //www.aliexpress.com/store/2846054?t_activity=1&t_cache=1&gps-id=5547572&scm=1007.19201.111800.0&scm_id=1007.19201.111800.0&scm-url=1007.19201.111800.0&pvid=380090d9-ed55-482c-b34d-69eccb11f8c2
32968490218, 229390511, //ae01.alicdn.com/kf/HTB1T4WYbffsK1RjSszbq6AqBXXa6.jpg_350x350.jpg, //www.aliexpress.com/item/Relogio-Masculino-New-Mens-Watches-LIGE-Top-Brand-Luxury-Fashion-Watch-Slim-Mesh-Date-Waterproof-Quartz/32968490218.html?gps-id=5547572&scm=1007.19201.111800.0&scm_id=1007.19201.111800.0&scm-url=1007.19201.111800.0&pvid=380090d9-ed55-482c-b34d-69eccb11f8c2, Relogio Masculino New Mens Watches LIGE Top Brand Luxury Fashion Watch Slim Mesh Date Waterproof Quartz Watch For Men Blue Clock, US $13.59, US $13.59, US $169.90, US $169.90, 92, 322329026, 1551254400, 1551427199, 1300, 296, false, 4, LIGE Men's counter Store, //www.aliexpress.com/store/2495069?t_activity=1&t_cache=1&gps-id=5547572&scm=1007.19201.111800.0&scm_id=1007.19201.111800.0&scm-url=1007.19201.111800.0&pvid=380090d9-ed55-482c-b34d-69eccb11f8c2
32967376288, 231793001, //ae01.alicdn.com/kf/HTB16unbbizxK1RjSspjq6AS.pXa1.jpg_350x350.jpg, //www.aliexpress.com/item/2019New-LIGE-Watches-Men-Top-Brand-Fashion-Chronograph-Male-Stainless-Steel-Waterproof-Business-Men-WristWatch-Relogio/32967376288.html?gps-id=5547572&scm=1007.19201.111800.0&scm_id=1007.19201.111800.0&scm-url=1007.19201.111800.0&pvid=380090d9-ed55-482c-b34d-69eccb11f8c2, 2019New LIGE Watches Men Top Brand Fashion Chronograph Male Stainless Steel Waterproof Business Men WristWatch Relogio Masculino, US $15.19, US $17.59, US $189.90, US $219.90, 92, 322329025, 1551168000, 1551340799, 1480, 403, false, 77, dropshipping watch Store, //www.aliexpress.com/store/3514048?t_activity=1&t_cache=1&gps-id=5547572&scm=1007.19201.111800.0&scm_id=1007.19201.111800.0&scm-url=1007.19201.111800.0&pvid=380090d9-ed55-482c-b34d-69eccb11f8c2
32954105603, 234543971, //ae01.alicdn.com/kf/HTB1uu_lbfvsK1Rjy0Fiq6zwtXXaW.jpg_350x350.jpg, //www.aliexpress.com/item/3Pcs-lot-Seamless-Panty-Set-Underwear-Female-Comfort-Intimates-Fashion-Female-Low-Rise-Briefs-6-Colors/32954105603.html?gps-id=5547572&scm=1007.19201.111800.0&scm_id=1007.19201.111800.0&scm-url=1007.19201.111800.0&pvid=380090d9-ed55-482c-b34d-69eccb11f8c2, 3Pcs/lot Seamless Panty Set Underwear Female Comfort Intimates Fashion Female Low-Rise Briefs 6 Colors Lingerie Drop Shipping, US $3.66, US $3.93, US $6.65, US $7.15, 45, 322329025, 1551168000, 1551340799, 1382, 96, false, 286, finetoo Sexy Store, //www.aliexpress.com/store/4501033?t_activity=1&t_cache=1&gps-id=5547572&scm=1007.19201.111800.0&scm_id=1007.19201.111800.0&scm-url=1007.19201.111800.0&pvid=380090d9-ed55-482c-b34d-69eccb11f8c2
32952141802, 234730236, //ae01.alicdn.com/kf/HTB1T7FUbcfrK1RjSszcq6xGGFXax.jpg_350x350.jpg, //www.aliexpress.com/item/Long-Sleeve-Shirt-Dress-2019-Summer-Chiffon-Boho-Beach-Dresses-Women-Casual-Striped-Print-A-line/32952141802.html?gps-id=5547572&scm=1007.19201.111800.0&scm_id=1007.19201.111800.0&scm-url=1007.19201.111800.0&pvid=380090d9-ed55-482c-b34d-69eccb11f8c2, Long Sleeve Shirt Dress 2019 Summer Chiffon Boho Beach Dresses Women Casual Striped Print A-line Mini Party Dress Vestidos, US $6.83, US $7.36, US $17.98, US $19.36, 62, 322329025, 1551168000, 1551340799, 1508, 295, false, 213, Shop4517004 Store, //www.aliexpress.com/store/4517004?t_activity=1&t_cache=1&gps-id=5547572&scm=1007.19201.111800.0&scm_id=1007.19201.111800.0&scm-url=1007.19201.111800.0&pvid=380090d9-ed55-482c-b34d-69eccb11f8c2
32789204361, 229890389, //ae01.alicdn.com/kf/HTB1.V1RbizxK1Rjy1zkq6yHrVXae.jpg_350x350.jpg, //www.aliexpress.com/item/Miss-Fox-New-Leopard-Watch-Fashion-Brand-Ladies-Designer-Watches-Luxury-Watch-Women-2017-Gold-Bussiness/32789204361.html?gps-id=5547572&scm=1007.19201.111800.0&scm_id=1007.19201.111800.0&scm-url=1007.19201.111800.0&pvid=380090d9-ed55-482c-b34d-69eccb11f8c2, Miss Fox Women Quartz Watch Fashion Bling Casual Ladies Watch Female Quartz Gold Watch Crystal Diamond Leopard For Women Clock, US $16.36, US $16.36, US $204.50, US $204.50, 92, 322329026, 1551254400, 1551427199, 1107, 98, false, 9, miss fox Official Store, //www.aliexpress.com/store/2780176?t_activity=1&t_cache=1&gps-id=5547572&scm=1007.19201.111800.0&scm_id=1007.19201.111800.0&scm-url=1007.19201.111800.0&pvid=380090d9-ed55-482c-b34d-69eccb11f8c2
32860000692, 202450145, //ae01.alicdn.com/kf/HTB1TUTebdfvK1RjSspfq6zzXFXaX.jpg_350x350.jpg, //www.aliexpress.com/item/CURREN-Gold-Watch-Women-Watches-Ladies-Creative-Steel-Women-s-Bracelet-Watches-Female-Clock-Relogio-Feminino/32860000692.html?gps-id=5547572&scm=1007.19201.111800.0&scm_id=1007.19201.111800.0&scm-url=1007.19201.111800.0&pvid=380090d9-ed55-482c-b34d-69eccb11f8c2, CURREN Gold Watch Women Watches Ladies Creative Steel Women's Bracelet Watches Female Clock Relogio Feminino Montre Femme, US $11.25, US $11.25, US $160.70, US $160.70, 93, 322329025, 1551168000, 1551340799, 1500, 438, false, 62, Chinese Watch factory, //www.aliexpress.com/store/419172?t_activity=1&t_cache=1&gps-id=5547572&scm=1007.19201.111800.0&scm_id=1007.19201.111800.0&scm-url=1007.19201.111800.0&pvid=380090d9-ed55-482c-b34d-69eccb11f8c2
32960334467, 201995577, //ae01.alicdn.com/kf/HTB1t7vwbh2rK1RkSnhJq6ykdpXaX.jpg_350x350.jpg, //www.aliexpress.com/item/DAIMI-Popular-Gift-Cage-Holder-Wish-Boxes-Wish-Pearl-Pendant-Necklace-for-Love-Natural-Oyster-Gift/32960334467.html?gps-id=5547572&scm=1007.19201.111800.0&scm_id=1007.19201.111800.0&scm-url=1007.19201.111800.0&pvid=380090d9-ed55-482c-b34d-69eccb11f8c2, DAIMI Popular Gift Cage Holder Wish Boxes Wish Pearl Pendant Necklace for Love Natural Oyster Gift Box For Valentine's Day Gift, US $4.49, US $4.49, US $49.90, US $49.90, 91, 322329026, 1551254400, 1551427199, 1400, 144, false, 256, DAIMI Official Store, //www.aliexpress.com/store/414729?t_activity=1&t_cache=1&gps-id=5547572&scm=1007.19201.111800.0&scm_id=1007.19201.111800.0&scm-url=1007.19201.111800.0&pvid=380090d9-ed55-482c-b34d-69eccb11f8c2
32943370959, 234502754, //ae01.alicdn.com/kf/HTB1qcOWbc_vK1RkSmRyq6xwupXap.jpg_350x350.jpg, //www.aliexpress.com/item/New-LCD-Screen-Automatic-Hair-Curler-Heating-Hair-Care-Styling-Tools-Ceramic-Wave-Hair-Curl-Magic/32943370959.html?gps-id=5547572&scm=1007.19201.111800.0&scm_id=1007.19201.111800.0&scm-url=1007.19201.111800.0&pvid=380090d9-ed55-482c-b34d-69eccb11f8c2, New LCD Screen Automatic Hair Curler Heating Hair Care Styling Tools Ceramic Wave Hair Curl Magic Curling Iron Women Hair Styler, US $18.90, US $18.90, US $47.25, US $47.25, 60, 322329025, 1551168000, 1551340799, 1245, 107, false, 138, Global HomeAppliances Store, //www.aliexpress.com/store/4554001?t_activity=1&t_cache=1&gps-id=5547572&scm=1007.19201.111800.0&scm_id=1007.19201.111800.0&scm-url=1007.19201.111800.0&pvid=380090d9-ed55-482c-b34d-69eccb11f8c2
32880623349, 228868319, //ae01.alicdn.com/kf/HTB1I.AOa5LrK1Rjy1zdq6ynnpXab.jpg_350x350.jpg, //www.aliexpress.com/item/Baby-comfortable-sandals-2018-summer-new-boy-girls-beach-shoes-kids-casual-sandals-children-fashion-sport/32880623349.html?gps-id=5547572&scm=1007.19201.111800.0&scm_id=1007.19201.111800.0&scm-url=1007.19201.111800.0&pvid=380090d9-ed55-482c-b34d-69eccb11f8c2, Baby comfortable sandals 2018 summer new boy girls beach shoes kids casual sandals children fashion sport sandals size 21-25, US $7.50, US $8.78, US $9.38, US $10.98, 20, 322329025, 1551168000, 1551340799, 1485, 318, false, 167, JUSTSL Official Store, //www.aliexpress.com/store/2349086?t_activity=1&t_cache=1&gps-id=5547572&scm=1007.19201.111800.0&scm_id=1007.19201.111800.0&scm-url=1007.19201.111800.0&pvid=380090d9-ed55-482c-b34d-69eccb11f8c2
